{
  "timestamp": "2026-07-21T16:39:37.404277",
  "results": [
    {
      "method": "Ours (Graph Detector)",
      "dr": 0.6666666666666666,
      "fpr": 0.0,
      "f1": 0.8,
      "accuracy": 0.8125,
      "tp": 6,
      "fp": 0,
      "tn": 7,
      "fn": 3
    },
    {
      "method": "AgentShield (2026)",
      "dr": 0.8777777777777778,
      "fpr": 0.0,
      "f1": 0.9349112426035503,
      "accuracy": 0.93125,
      "tp": 79,
      "fp": 0,
      "tn": 70,
      "fn": 11
    },
    {
      "method": "Leong Trajectory (2026)",
      "dr": 0.8888888888888888,
      "fpr": 0.0,
      "f1": 0.9411764705882353,
      "accuracy": 0.9375,
      "tp": 80,
      "fp": 0,
      "tn": 70,
      "fn": 10
    },
    {
      "method": "Random Baseline",
      "dr": 1.0,
      "fpr": 0.7142857142857143,
      "f1": 0.782608695652174,
      "accuracy": 0.6875,
      "tp": 90,
      "fp": 50,
      "tn": 20,
      "fn": 0
    }
  ]
}