{
  "timestamp": "2026-07-21T22:32:13.268759",
  "results": [
    {
      "method": "Ours (Graph Detector)",
      "dr": 1.0,
      "fpr": 0.0,
      "f1": 1.0,
      "accuracy": 1.0,
      "tp": 9,
      "fp": 0,
      "tn": 7,
      "fn": 0
    },
    {
      "method": "AgentShield (2026)",
      "dr": 0.8555555555555555,
      "fpr": 0.0,
      "f1": 0.9221556886227544,
      "accuracy": 0.91875,
      "tp": 77,
      "fp": 0,
      "tn": 70,
      "fn": 13
    },
    {
      "method": "Leong Trajectory (2026)",
      "dr": 0.8888888888888888,
      "fpr": 0.0,
      "f1": 0.9411764705882353,
      "accuracy": 0.9375,
      "tp": 80,
      "fp": 0,
      "tn": 70,
      "fn": 10
    },
    {
      "method": "Random Baseline",
      "dr": 1.0,
      "fpr": 0.7142857142857143,
      "f1": 0.782608695652174,
      "accuracy": 0.6875,
      "tp": 90,
      "fp": 50,
      "tn": 20,
      "fn": 0
    }
  ]
}