{
  "timestamp": "2026-07-23_092943",
  "results": {
    "Random Baseline": {
      "detection_rate": 0.49,
      "false_positive_rate": 0.5,
      "precision": 0.7461928934010152,
      "f1": 0.5915492957746479,
      "accuracy": 0.4925
    },
    "AgentShield (2026)": {
      "detection_rate": 0.5066666666666667,
      "false_positive_rate": 0.0,
      "precision": 1.0,
      "f1": 0.6725663716814159,
      "accuracy": 0.63
    },
    "Leong Trajectory (2026)": {
      "detection_rate": 0.7133333333333334,
      "false_positive_rate": 0.09,
      "precision": 0.9596412556053812,
      "f1": 0.8183556405353728,
      "accuracy": 0.7625
    },
    "FragBench Graph (2026)": {
      "detection_rate": 0.0,
      "false_positive_rate": 0.0,
      "precision": 0.0,
      "f1": 0.0,
      "accuracy": 0.25
    },
    "Ours (Base + Calibrated)": {
      "detection_rate": 0.9966666666666667,
      "false_positive_rate": 0.0,
      "precision": 1.0,
      "f1": 0.9983305509181971,
      "accuracy": 0.9975
    },
    "Ours (Enhanced + Calibrated)": {
      "detection_rate": 1.0,
      "false_positive_rate": 0.53,
      "precision": 0.8498583569405099,
      "f1": 0.9188361408882083,
      "accuracy": 0.8675
    }
  }
}