{
  "timestamp": "2026-07-22T11:53:58.292894",
  "total_traces": 1440,
  "models": [
    "DeepSeek-V3",
    "Llama-3.3-70B",
    "GPT-5-mini"
  ],
  "results": {
    "our_method": {
      "dr": 0.12747252747252746,
      "fpr": 0.02998965873836608,
      "f1": 0.2140221402214022
    },
    "agentshield": {
      "dr": 1.0,
      "fpr": 0.0,
      "f1": 1.0
    }
  }
}