{
  "timestamp": "2026-07-22T11:47:07.968497",
  "description": "Robust large-scale evaluation with 300+ attack chains and 300+ benign chains",
  "metrics": {
    "our_method": {
      "dr": 0.3933333333333333,
      "fpr": 0.215,
      "f1": 0.5119305856832972,
      "tp": 118,
      "fp": 43,
      "tn": 157,
      "fn": 182
    },
    "agentshield": {
      "dr": 0.7866666666666666,
      "fpr": 0.06,
      "f1": 0.8613138686131386
    },
    "leong": {
      "dr": 0.6733333333333333,
      "fpr": 0.05,
      "f1": 0.7890625
    }
  }
}