{
  "timestamp": "2026-07-22T11:46:26.086115",
  "description": "Robust large-scale evaluation with 300+ attack chains and 300+ benign chains",
  "metrics": {
    "our_method": {
      "dr": 0.2633333333333333,
      "fpr": 0.16,
      "f1": 0.3844282238442822,
      "tp": 79,
      "fp": 32,
      "tn": 168,
      "fn": 221
    },
    "agentshield": {
      "dr": 0.7566666666666667,
      "fpr": 0.06,
      "f1": 0.8423005565862709
    },
    "leong": {
      "dr": 0.72,
      "fpr": 0.05,
      "f1": 0.8212927756653994
    }
  }
}