{
  "timestamp": "2026-07-22T11:45:15.004379",
  "description": "Robust large-scale evaluation with 300+ attack chains and 300+ benign chains",
  "metrics": {
    "our_method": {
      "dr": 0.13333333333333333,
      "fpr": 0.16,
      "f1": 0.21505376344086022,
      "tp": 40,
      "fp": 32,
      "tn": 168,
      "fn": 260
    },
    "agentshield": {
      "dr": 0.68,
      "fpr": 0.06,
      "f1": 0.7906976744186047
    },
    "leong": {
      "dr": 0.66,
      "fpr": 0.05,
      "f1": 0.7795275590551182
    }
  }
}