{
  "timestamp": "2026-07-23T09:54:05.285335",
  "results": {
    "Random Baseline": {
      "dr": 0.49,
      "fpr": 0.5,
      "precision": 0.7461928934010152,
      "f1": 0.5915492957746479
    },
    "AgentShield (2026)": {
      "dr": 0.5066666666666667,
      "fpr": 0.0,
      "precision": 1.0,
      "f1": 0.6725663716814159
    },
    "Leong Trajectory (2026)": {
      "dr": 0.7133333333333334,
      "fpr": 0.09,
      "precision": 0.9596412556053812,
      "f1": 0.8183556405353728
    },
    "FragBench Graph (2026)": {
      "dr": 0.0,
      "fpr": 0.0,
      "precision": 0.0,
      "f1": 0.0
    },
    "Ours (Base + Calibrated)": {
      "dr": 0.9966666666666667,
      "fpr": 0.0,
      "precision": 1.0,
      "f1": 0.9983305509181971
    },
    "Ours (Enhanced + Calibrated)": {
      "dr": 1.0,
      "fpr": 0.53,
      "precision": 0.8498583569405099,
      "f1": 0.9188361408882083
    }
  }
}